job_title,company,location,tags,salary,source
Lead Engineer Provider Engineering,"Humata Health, Inc",Winter Park,"technical, support, software, growth, code, cloud, postgresql, typescript, api, lead, junior, operational, go, health, healthcare, engineer, engineering, backend",,RemoteOK
Regulatory & Product Counsel,Lucid Software,,"dev, software, cloud, leader, legal, digital nomad",,RemoteOK
Audience Writer,ProPublica,,"writer, manager, full-time",,RemoteOK
Backend Engineer Consumer Engineering,BEDI Partnerships,Mexico City,"code, engineer, engineering, backend",,RemoteOK
Desarrollador Backend .NET ETL,NEORIS,Bogota,"c#, front-end, software, backend",,RemoteOK
Prompt Engineer,Viseven,"Remote, Ukraine","back-end, python, engineer, engineering",,RemoteOK
Information Security Operations Engineer,Bounteous,United States,"security, consultancy, technical, support, management, operations, engineer",,RemoteOK
Manager Sales Engineering,ControlUp,UK,"manager, saas, technical, support, software, growth, travel, leader, management, lead, operations, operational, marketing, sales, engineering, executive",,RemoteOK
Security Access Management Lead,Bounteous,United States,"security, training, consultancy, technical, support, manager, management, lead",,RemoteOK
Associate Influencer Marketing,DoorDash USA,"New York, NY; San Francisco, CA; Los Angeles, CA; United States - Remote","support, manager, operational, marketing, non tech",,RemoteOK
Senior Data Engineer,Oowlish Technology,,"python, support, software, growth, api, management, senior, engineer",,RemoteOK
Principal Data Operations &amp; Migration Lead,StarCompliance,"York, United Kingdom","technical, support, software, financial, education, finance, leader, management, lead, senior, operations, operational, health",,RemoteOK
Senior Medical Science Liaison,Xenon Pharmaceuticals,,"support, growth, code, travel, adult, education, lead, senior, healthcare, neurology",,RemoteOK
Account Executive,Corporativo Lumston,,"technical, software, growth, microsoft, sales, executive",,RemoteOK
Communications Specialist,DCG,National Capital Region,"design, support, strategy, management, health, digital nomad",,RemoteOK
Data Science Intern Pricing Analytics,Gametime United,United States,"python, support, test, web, mobile, strategy, analytics",,RemoteOK
Tech Lead,Amplemarket,,"lead, sales, recruitment, non tech",,RemoteOK
Director of Quality Performance,Vanna Health,San Francisco,"director, leader, operations, medical, health, non tech",,RemoteOK
Technical Sales Manager,Maxcess International,"St. Louis, MO","manager, design, technical, web, sales, digital nomad",,RemoteOK
Big Data Engineer,Oowlish Technology,,"python, support, software, growth, lambda, operational, analytics, reliability, engineer",,RemoteOK
Executive Director Safety &amp; Pharmacovigilance,Kyverna Therapeutics,Remote,"director, support, strategy, management, lead, operational, biotech, health, executive",,RemoteOK
Product Marketing Manager,Lumivero,United States,"manager, training, technical, support, software, growth, analyst, voice, management, lead, content, marketing, analytics, sales, engineering",,RemoteOK
Junior Product Support Specialist,Amplemarket,"Remote, LATAM/North America","support, lead, junior, sales, recruitment, non tech",,RemoteOK
Head of Professional Services,GoodTime,Remote,"design, support, leader, lead, operational, digital nomad",,RemoteOK
VP Practice Operations,Form Health,,"architect, support, growth, adult, video, mobile, operations, operational, medical, health, educational",,RemoteOK
Sales Development Representative,career,Remote,"design, ceo, software, travel, sales, digital nomad",,RemoteOK
Senior Manager RFP Response,RxSense,,"manager, saas, growth, leader, strategy, management, senior, sales, health, healthcare, executive",,RemoteOK
Community Specialist I,HighLevel,Mexico,"training, technical, support, software, growth, voice, video, api, management, lead, content, marketing, legal, sales",,RemoteOK
Integrated Marketing Manager,OpenAI,,"manager, design, security, support, developer, strategy, management, lead, content, marketing, executive, digital nomad",,RemoteOK
IT Support Technician,Terraformation,"Remote, United States","training, technical, support, education, cloud, microsoft, management, operations",,RemoteOK
Enterprise Account Executive Cloud Sales,Azul,,"saas, gaming, technical, software, financial, cloud, strategy, lead, sales, executive",,RemoteOK
Senior Sales Development Representative,Loop,London,"system, training, technical, software, growth, voice, lead, senior, operations, marketing, sales, go",,RemoteOK
VP Portfolio & Underwriting,"Pathward, N.A.",,"training, financial, leader, operations",,RemoteOK
Sales Development Representative,Stress Free Auto Care,Austin,sales,,RemoteOK
Database Administrator Cloud,MariaDB plc,Dominican Republic,"design, technical, travel, telecommuting, bank, cloud, dba, administrator, health, blogging, linux, digital nomad",,RemoteOK
CSM I,Carrot Fertility,,"support, manager, management, operational, health, non tech",,RemoteOK
Staff Data Analyst,Weedmaps,,"analyst, leader, senior, junior, executive",,RemoteOK
YouTube Editor Freelance,Interdependence,Remote,"design, post-production, assembly, content, analytics, digital nomad",,RemoteOK
Customer Experience Associate,Sure,Remote,"embedded, software, education, fintech, rails, leader, operations, operational, sales",,RemoteOK
Senior Data Scientist,Weedmaps,,"technical, test, finance, senior",,RemoteOK
Director Community & Developer Advocacy,Tines,North America,"developer, director, system, technical, support, growth, content, senior, marketing, digital nomad",,RemoteOK
Senior Software Engineer I Puppet,Perforce,,"software, system, security, technical, support, code, scrum, manager, devops, java, git, ruby, management, senior, engineer",,RemoteOK
Senior Manager Customer Operations,May Mobility,,"manager, system, financial, senior, operations, operational, go",,RemoteOK
Founding Paralegal,Eudia,,"security, support, growth, senior, operational, legal",,RemoteOK
Channel Business Manager,10x Genomics,Australia,"manager, training, support, strategy, management, marketing, analytics, sales, biotech, non tech",,RemoteOK
Application Engineer CNC & Sheet Metal,Xometry,Brazil,"3d, technical, support, education, sales, engineer, engineering",,RemoteOK
Customer Experience Representative,BRUNT,,engineer,,RemoteOK
Human Resources & Administrative Coordinator,Ludia Consulting,"Chicago, IL","consulting, hr, coordinator, support, growth, financial, finance, microsoft, senior, operations, operational",,RemoteOK
Innovation Architect LATAM LATAM,Miro,,architect,,RemoteOK
Business Development Manager,YipitData (Alternative),US Remote,"manager, growth, investment, e-commerce",,RemoteOK
VP of Sales Strategic Accounts,AcuityMD,Boston,"saas, software, growth, leader, lead, sales",,RemoteOK
Security Engineer,PermitFlow,New York City,"security, frontend, architect, software, testing, cloud, management, engineer, engineering",,RemoteOK
Staff+ Software Engineer Observability,Anthropic,"London, UK","software, operational, reliability, engineer",,RemoteOK
Senior Account Manager,Workwize,New York,"manager, saas, support, senior",,RemoteOK
Senior Technical Program Manager,Calendly,Remote - US,"manager, technical, growth, management, lead, senior, operational, health, engineering, executive",,RemoteOK
Design Program Manager AI,Figma,"San Francisco, CA","design, manager, technical, management, senior, full-time, digital nomad",,RemoteOK
SAP Data Migration Architect,CSCI Consulting,,"consulting, architect, design, consultant, technical, support, test, lead, digital nomad",,RemoteOK
Senior Software Engineer Frontend,Blacklane,Barcelona,"frontend, software, design, react.js, front-end, technical, developer, code, senior, junior, go, engineer, digital nomad",,RemoteOK
Supplier Quality Specialist,SpaceX,"Bastrop, TX","technical, support, management, operational, reliability, engineering",,RemoteOK
SOC Analyst,Keyrock,,"analyst, saas, web3, defi, nft, security, technical, support, growth, financial, cloud, api, lead, operations, engineering",,RemoteOK
Lead Digital Media Buyer Latin America,Bluelight Consulting,Heredia,"consulting, consultancy, software, ads, lead",,RemoteOK
Licensed Life Insurance Agent Position with Growth,AO Garcia Agency,"Kent, Washington","growth, support, video, sales",,RemoteOK
Staff Product Manager Personalization Foundations,Headspace,"New York City, NY","manager, technical, leader, strategy, management, lead, content",,RemoteOK
Permit Specialist work,TaxValet,Philippines,"software, sales",,RemoteOK
Manager Customer Success Operations,Federato,,"manager, support, finance, operations, operational, health, non tech",,RemoteOK
Content Manager,SavvyNomad,,"marketing, content writing",,RemoteOK
Principal Security Engineer,Auros,,"security, design, technical, cloud, strategy, management, senior, engineer, engineering, digital nomad",,RemoteOK
State Engagement Manager,Radiant,El Segundo,"manager, support, software, test, engineering",,RemoteOK
Staff Product Security Engineer Customer Platform,Valon Tech,,"security, design, saas, system, architect, technical, support, software, code, financial, c, cloud, api, strategy, senior, operational, engineer, engineering, digital nomad",,RemoteOK
Legal Operations Specialist,Boulevard,USA,"design, operations, legal, digital nomad",,RemoteOK
Security Operations Engineer,Alpaca,Remote - EMEA,"security, crypto, architect, financial, investment, api, operations, operational, engineer",,RemoteOK
Senior Software Engineer Trading Infrastructure,Gauntlet,New York City / San Francisco / Los Angeles / Remote,"software, design, web3, defi, crypto, system, security, technical, code, financial, finance, cloud, senior, operational, reliability, engineer, engineering, digital nomad",,RemoteOK
Software Engineer Apps,Headout,Bengaluru,"software, design, react, system, travel, mobile, senior, engineer, engineering, digital nomad",,RemoteOK
Associate Manager Digital Media,Unlock Health,"Chicago, Illinois, United States","manager, qa, management, operations, medical, health, healthcare",,RemoteOK
Senior Support Operations Manager,DeepIntent,,"manager, support, lead, senior, operations, operational, analytics, healthcare, engineering",,RemoteOK
Director EMEA Marketing,BambooHR,London,"director, hr, support, growth, investment, leader, strategy, lead, marketing, sales",,RemoteOK
Marketing Associate,Beacon Biosignals,"Boston, MA","strategy, content, operational, marketing, analytics, non tech",,RemoteOK
Senior Client Success Manager,Force Therapeutics,Remote - US East,"manager, system, support, growth, voice, strategy, senior, health",,RemoteOK
Senior Paid Search Analyst,Unlock Health,"Chicago, Illinois, United States; Nashville, Tennessee, United States; Remote","analyst, microsoft, management, senior, medical, health, healthcare, non tech",,RemoteOK
Customer Success Manager Strategic,AcuityMD,Boston,"manager, saas, training, software",,RemoteOK
Senior DevSecOps Platform Security Engineer,DEFCON AI,,"security, design, software, senior, operational, engineer, engineering, digital nomad",,RemoteOK
Senior Product Manager Connected Care,Linus Health,,"manager, architect, growth, senior, medical, health, healthcare",,RemoteOK
Associate Therapist Fully,Daybreak Health,North Carolina,"students, education, medical, health, educational, non tech",,RemoteOK
Senior Cybersecurity Engineer,Accenture Federal Services,"Washington, DC","security, training, technical, support, developer, code, management, senior, health, engineer, engineering, digital nomad",,RemoteOK
Customer Service Hospitality Reservations,Destination Knot,Florida,"system, training, travel",,RemoteOK
Senior Systems Engineer,Logos,Worldwide,"design, test, senior, engineer, digital nomad",,RemoteOK
Fullstack Automation Engineer Delivery Automation Team,Hostinger,,"system, frontend, full-stack, architect, support, developer, software, growth, typescript, api, health, engineer, engineering, backend, fullstack, digital nomad",,RemoteOK
Founding Marketer,Wing Assistant,Japan,"virtual assistant, design, saas, copywriting, testing, test, growth, education, seo, strategy, lead, content, marketer, marketing, excel, sales, digital nomad",,RemoteOK
Software Development Engineer I,QuillBot,India,"software, frontend, students, full-stack, technical, growth, code, nodejs, html, engineer, engineering",,RemoteOK
Business Development Representative UK EU,Alpaca,,"crypto, growth, financial, investment, api, sales",,RemoteOK
Senior Software Engineer Web,BitMEX,Asia,"software, web, crypto, cryptocurrency, security, senior, engineer",,RemoteOK
Data Analyst 3,SkySlope,Remote,"analyst, salesforce, python, technical, support, software, growth, web, payroll, financial, cloud, mongodb, junior, analytics, go, health, healthcare, apache, full-time",,RemoteOK
Developer Relations Engineer,Horizen Labs,,"developer, web3, consulting, technical, support, engineer, digital nomad",,RemoteOK
Forward Deployed Engineer DevOps,Parloa,New York,"technical, code, devops, cloud, health, engineer, engineering",,RemoteOK
Business Development Representative,C3 Integrated Solutions,United States,"support, marketing, sales",,RemoteOK
Senior Account Manager Feb 2026,ZÃ³calo Health,California,"manager, growth, lead, senior, operational, medical, health, healthcare",,RemoteOK
VP National Accounts,"Integrated Specialty Coverages, LLC",,"growth, management, lead, operations, sales, go",,RemoteOK
Senior Talent Acquisition Manager,Greenhouse,Anywhere in the United States,"manager, saas, senior, go",,RemoteOK
Senior Technical Program Manager Infrastructure,Planet,United States,"manager, technical, software, senior",,RemoteOK
Web Program Manager,Huntress,United States of America,"web, manager, saas, security, game, senior, operations, go",,RemoteOK
